duong_dan,dinh_dang,dung_luong_bytes
login-background.webp,webp,202838
pes-arena-logo.webp,webp,68268
podium_top3_reference.webp,webp,84084
ranks/ban-chuyen-card.webp,webp,16808
ranks/ban-chuyen.webp,webp,12480
ranks/bao-thu-card.webp,webp,15480
ranks/bao-thu.webp,webp,11070
ranks/chuyen-nghiep-card.webp,webp,17348
ranks/chuyen-nghiep.webp,webp,12372
ranks/dang-cap-card.webp,webp,17860
ranks/dang-cap.webp,webp,12426
ranks/ga-card.webp,webp,12652
ranks/ga.webp,webp,10008
ranks/goat-card.webp,webp,21190
ranks/goat.webp,webp,13486
ranks/huyen-thoai-card.webp,webp,19240
ranks/huyen-thoai.webp,webp,12728
ranks/moi-tap-choi-card.webp,webp,15864
ranks/moi-tap-choi.webp,webp,11744
ranks/non-card.webp,webp,15058
ranks/non.webp,webp,10904
ranks/sieu-sao-card.webp,webp,17946
ranks/sieu-sao.webp,webp,11898
vs.webp,webp,16514
zalo_group_qr.png,png,373800
zcoin-logo.webp,webp,283044
